skzzz,15-03-2026 17:08:15,Logged in
skzzz,15-03-2026 17:08:17,Opened Play Songs
skzzz,15-03-2026 17:08:17,Playing: Lehrain
skzzz,15-03-2026 17:08:19,Playing: Laila
skzzz,15-03-2026 17:08:20,Playing: Main-Tumhara
skzzz,15-03-2026 17:08:22,Playing: Laila
skzzz,15-03-2026 17:08:44,Opened Play Songs
skzzz,15-03-2026 17:08:44,Playing: Lehrain
skzzz,15-03-2026 17:09:46,Playing: blue-eyes
skzzz,15-03-2026 17:09:48,Playing: Lehrain
skzzz,15-03-2026 17:09:49,Playing: Laila
skzzz,15-03-2026 17:14:38,Logged in
skzzz,15-03-2026 17:14:40,Opened Play Songs
skzzz,15-03-2026 17:14:40,Playing: Lehrain
skzzz,15-03-2026 17:14:49,Playing: Laila
skzzz,15-03-2026 17:14:50,Playing: Main-Tumhara
skzzz,15-03-2026 17:14:50,Playing: Tum-Hi-Ho
skzzz,15-03-2026 17:15:37,Logged in
skzzz,15-03-2026 17:15:39,Opened Play Songs
skzzz,15-03-2026 17:15:39,Playing: Lehrain
skzzz,15-03-2026 17:15:42,Playing: Laila
skzzz,15-03-2026 17:15:43,Playing: Main-Tumhara
